獎號,獎號,獎號,獎號,獎號,獎號,特別,期數
6,9,12,13,33,39,21,1
16,21,27,30,31,47,35,2
2,4,25,26,34,43,41,3
18,19,28,29,30,34,12,4
14,15,20,29,32,39,43,5
13,28,29,32,33,34,43,6
2,6,13,34,40,44,14,7
22,29,34,36,44,46,37,8
4,6,11,22,42,48,23,9
17,22,26,29,37,43,31,10
14,17,20,25,43,48,15,11
1,2,26,31,39,40,38,12
7,13,18,19,25,37,14,13
4,21,25,32,37,43,2,14
3,6,17,23,28,32,45,15
8,12,23,24,45,46,36,16
1,11,17,25,41,45,32,17
12,15,22,23,41,48,17,18
8,12,17,18,19,34,37,19
8,14,21,22,30,31,48,20
1,2,7,26,38,43,4,21
6,16,20,25,33,46,12,22
2,12,14,30,41,46,29,23
11,17,21,36,43,49,5,24
11,13,15,21,35,38,37,25
3,7,42,45,46,49,8,26
16,24,25,26,39,44,30,27
5,14,26,38,41,43,4,28
24,25,26,30,36,48,45,29
13,14,20,30,37,45,1,30
13,17,19,26,39,45,11,31
3,11,19,20,22,28,13,32
22,25,29,31,34,46,49,33
1,10,13,33,34,46,7,34
3,9,13,28,40,48,39,35
6,27,40,44,45,47,11,36
3,4,10,23,25,26,33,37
4,10,11,14,32,36,9,38
2,4,18,20,32,49,30,39
6,28,30,34,43,46,9,40
1,16,17,30,36,49,44,41
6,22,27,34,42,44,36,42
1,17,30,31,32,45,33,43
1,4,31,32,34,35,33,44
6,15,25,37,41,49,3,45
2,10,16,22,30,33,41,46
5,12,41,43,45,46,33,47
5,11,30,34,44,48,40,48
6,9,11,17,22,36,44,49
11,17,29,36,44,49,33,50
12,17,19,22,27,42,48,51
6,10,11,16,29,44,37,52
7,19,27,31,42,46,39,53
4,5,7,13,24,30,49,54
3,4,8,25,36,42,32,55
2,5,32,38,42,49,44,56
2,3,7,26,30,49,6,57
11,15,24,27,37,46,1,58
1,15,28,38,41,42,24,59
20,31,33,40,42,46,30,60
3,11,19,21,40,42,14,61
13,14,21,24,27,30,20,62
5,17,19,26,28,43,25,63
11,16,27,33,34,40,7,64
5,6,11,16,19,42,10,65
10,22,31,32,41,48,24,66
13,29,31,38,45,46,43,67
14,31,34,37,42,48,29,68
4,22,28,29,44,47,32,69
9,16,18,32,41,47,46,70
12,25,26,31,36,42,29,71
7,13,14,20,21,49,34,72
8,10,11,21,23,44,42,73
7,19,26,37,38,46,29,74
5,6,8,9,10,43,13,75
1,15,16,33,35,48,10,76
26,27,40,41,42,43,28,77
7,13,15,20,22,47,19,78
12,15,21,23,25,35,24,79
3,6,19,22,31,32,5,80
1,7,10,32,42,45,26,81
4,23,36,39,45,47,25,82
10,21,23,25,38,42,33,83
3,10,20,21,24,48,26,84
6,13,30,34,38,44,48,85
10,12,13,24,31,40,47,86
1,10,25,28,38,49,23,87
23,26,31,33,36,38,21,88
12,24,25,27,34,36,39,89
9,12,17,28,40,43,13,90
8,11,14,17,23,33,30,91
7,11,20,38,39,45,30,92
2,14,27,28,44,49,30,93
3,4,9,10,27,31,26,94
4,12,23,30,35,48,46,95
5,16,23,28,38,47,49,96
2,8,11,12,26,35,47,97
16,28,35,44,46,48,26,98
5,15,24,37,38,39,6,99
2,12,18,22,34,36,8,100
3,4,13,26,39,42,18,101
3,5,18,23,40,45,41,102
1,8,16,22,24,30,14,103
3,18,33,34,43,49,2,104
5,10,27,37,39,46,8,105
6,23,39,45,46,47,18,106
1,3,14,17,36,49,10,107
1,2,15,21,31,35,33,108
7,14,16,38,45,49,25,109
1,23,26,27,33,41,18,110
14,17,30,31,36,47,28,111
3,25,39,44,45,48,13,112
2,17,31,35,37,46,3,113
7,8,19,30,43,48,49,114
11,31,41,44,47,49,25,115
19,26,28,33,38,46,48,116
5,7,24,26,30,47,36,117
12,14,21,23,25,30,3,118
6,11,21,22,35,41,27,119
2,4,36,41,42,48,34,120
14,21,25,27,43,47,5,121
25,28,31,32,34,36,43,122
1,6,16,34,36,40,38,123
1,3,16,31,42,48,23,124
5,12,19,21,33,42,9,125
7,10,12,22,30,34,8,126
2,5,6,19,38,45,1,127
7,10,23,44,45,47,38,128
1,2,9,25,28,44,42,129
20,22,28,38,41,47,25,130
5,15,28,29,33,40,26,131
5,15,23,29,31,44,17,132
2,6,9,24,27,45,49,133
18,20,25,36,48,49,21,134
11,20,40,41,45,49,36,135
4,5,22,33,36,43,26,136
1,16,25,34,36,38,41,137
4,5,15,20,29,39,34,138
1,3,29,35,43,47,40,139
5,14,18,34,44,47,10,140
1,2,7,9,16,29,15,141
15,28,29,31,32,47,18,142
1,6,11,37,41,44,4,143
2,4,14,24,27,46,28,144
2,8,9,10,21,31,44,145
3,9,16,18,41,48,22,146
4,8,11,15,16,25,43,147
4,15,21,30,41,46,48,148
3,4,9,10,28,45,37,149
4,6,13,22,30,44,5,150
9,14,25,31,36,46,40,151
8,12,16,25,28,45,49,152
4,20,22,28,47,48,43,153
4,10,18,34,40,43,3,154
10,17,22,37,43,49,8,155
2,4,5,9,35,45,48,156
2,15,17,31,32,38,11,157
6,12,21,27,36,48,18,158
1,11,14,18,35,43,25,159
3,22,31,43,46,47,14,160
7,11,13,25,30,40,6,161
11,22,26,28,33,37,42,162
5,12,25,27,41,44,18,163
9,14,24,27,37,41,12,164
2,13,16,36,44,47,21,165
9,20,26,29,40,41,21,166
24,28,37,38,43,45,18,167
9,20,22,31,45,46,3,168
13,15,33,37,38,41,47,169
3,8,11,36,38,49,19,170
17,18,23,24,25,28,41,171
2,4,6,21,25,46,28,172
9,10,36,40,42,43,41,173
6,12,20,43,47,48,41,174
5,8,22,26,27,44,10,175
3,10,11,36,37,45,29,176
4,24,28,30,35,39,19,177
4,15,23,41,44,45,46,178
3,26,29,38,43,45,28,179
2,11,35,37,48,49,5,180
4,18,26,37,41,44,6,181
1,8,19,23,38,40,5,182
3,15,16,25,40,48,18,183
2,8,24,28,31,48,15,184
6,11,23,29,45,49,26,185
3,11,26,43,46,48,5,186
27,30,35,39,43,47,25,187
11,13,14,21,42,47,22,188
7,8,17,22,27,44,28,189
6,8,23,26,28,36,37,190
5,10,22,26,31,48,41,191
6,8,17,19,30,47,23,192
16,17,23,32,42,48,2,193
4,7,19,30,36,46,48,194
2,13,29,39,44,49,35,195
2,3,4,17,27,39,15,196
7,13,23,33,34,42,30,197
9,11,30,41,47,49,4,198
2,14,23,25,26,40,6,199
7,30,38,39,40,43,13,200
25,31,34,40,41,47,15,201
13,18,26,28,35,48,42,202
26,28,29,30,36,37,18,203
7,16,32,39,45,49,30,204
3,20,21,22,26,27,25,205
12,22,24,26,27,47,40,206
1,2,7,8,27,45,19,207
6,7,10,13,31,39,18,208
6,15,22,25,35,41,32,209
18,23,26,38,39,48,45,210
8,20,22,39,45,46,31,211
7,11,22,24,28,30,35,212
4,12,15,19,26,31,41,213
3,11,18,20,21,26,24,214
1,11,16,21,23,40,10,215
10,29,30,32,43,47,35,216
4,5,13,26,32,42,46,217
2,8,12,20,26,33,13,218
11,15,18,25,29,49,5,219
12,21,34,37,38,39,27,220
3,15,21,23,36,49,10,221
5,6,18,23,26,29,16,222
2,14,18,21,37,43,13,223
7,12,16,17,19,33,39,224
9,17,18,27,36,42,10,225
5,8,24,31,32,39,4,226
5,7,9,15,31,34,38,227
6,13,15,17,18,22,3,228
4,21,25,35,39,42,45,229
3,9,18,42,45,46,5,230
12,28,30,40,47,49,3,231
7,23,28,29,38,46,14,232
5,8,9,15,29,45,18,233
12,17,26,31,35,48,40,234
6,10,11,32,34,39,7,235
5,23,36,38,40,42,1,236
8,10,16,22,37,38,14,237
1,23,25,37,39,45,21,238
4,6,14,16,20,41,2,239
9,13,15,27,34,42,2,240
3,9,19,40,44,49,4,241
9,12,30,33,42,49,4,242
3,16,24,25,40,43,48,243
2,3,19,26,27,41,7,244
5,8,18,26,38,42,2,245
2,12,19,26,34,46,38,246
8,20,35,36,45,46,44,247
1,23,28,46,47,49,6,248
11,20,31,38,42,46,37,249
1,15,20,37,47,48,38,250
2,9,15,16,22,49,7,251
4,11,34,35,45,48,24,252
4,12,15,37,41,42,19,253
3,4,15,23,26,47,12,254
8,11,12,32,38,45,24,255
1,25,35,37,44,46,43,256
3,8,14,18,19,43,29,257
1,18,31,39,41,47,44,258
1,20,29,30,35,39,43,259
11,15,17,21,23,31,9,260
8,9,14,19,20,33,29,261
14,23,24,41,44,47,10,262
1,6,9,16,42,44,3,263
6,16,24,34,42,43,23,264
11,20,31,34,36,38,15,265
7,30,37,41,43,49,10,266
14,16,25,27,42,49,44,267
4,36,37,42,45,46,1,268
12,28,29,35,37,42,8,269
3,20,21,42,44,46,25,270
4,8,12,20,22,39,48,271
3,9,16,40,43,48,42,272
6,10,19,27,32,41,43,273
18,23,25,28,35,36,16,274
16,20,24,30,38,40,6,275
10,11,14,17,21,45,19,276
17,24,34,38,42,49,30,277
5,6,25,33,38,49,47,278
2,5,27,30,33,48,19,279
11,12,15,28,43,48,37,280
2,8,11,14,15,21,31,281
1,10,37,39,43,44,35,282
1,9,21,39,40,41,46,283
6,13,20,21,33,40,26,284
2,6,8,25,30,45,38,285
8,19,30,33,37,43,22,286
6,7,23,31,33,36,24,287
7,15,20,32,36,44,3,288
1,17,21,35,36,46,19,289
9,17,23,26,30,41,19,290
8,13,16,41,43,46,31,291
9,10,12,25,33,38,5,292
1,4,5,15,18,42,6,293
5,7,11,19,36,42,23,294
6,8,29,39,46,49,23,295
6,30,34,45,46,48,29,296
5,18,20,33,38,40,34,297
12,14,20,22,37,40,23,298
5,17,29,34,38,47,26,299
2,17,28,29,38,49,16,300
6,7,11,19,47,48,17,301
1,23,34,37,43,45,9,302
14,19,31,37,42,45,11,303
3,6,7,14,16,43,17,304
14,26,28,35,41,45,33,305
5,27,28,30,35,42,37,306
16,18,37,38,45,46,10,307
2,4,8,27,33,48,14,308
12,19,30,32,34,36,37,309
16,32,42,45,46,49,3,310
6,13,24,31,32,49,3,311
1,4,7,8,25,31,33,312
13,21,23,27,31,49,19,313
12,19,23,42,44,48,33,314
26,28,35,39,44,45,18,315
10,16,26,28,31,33,44,316
13,28,33,38,43,48,4,317
6,26,27,44,45,46,2,318
6,7,15,31,36,44,29,319
8,13,18,26,34,36,17,320
6,18,26,39,42,45,14,321
7,8,10,12,47,48,38,322
12,16,26,32,41,48,1,323
7,28,30,41,45,48,44,324
2,8,25,39,43,46,13,325
18,19,27,34,44,48,37,326
1,13,19,33,38,45,36,327
5,13,25,30,39,48,36,328
6,22,36,39,48,49,28,329
12,15,24,32,39,49,6,330
2,15,16,31,33,46,40,331
12,14,20,21,23,31,45,332
4,13,22,24,26,41,28,333
28,35,36,38,43,49,47,334
14,15,25,37,47,49,13,335
5,6,17,19,20,32,18,336
4,11,21,39,42,43,10,337
14,31,33,40,45,46,49,338
4,10,39,43,45,49,33,339
10,18,22,34,35,37,41,340
2,4,6,20,42,47,39,341
5,15,23,28,31,33,49,342
8,31,40,44,45,48,6,343
9,15,16,19,44,49,37,344
8,20,22,25,38,40,41,345
9,10,29,32,38,42,37,346
21,24,28,34,45,49,46,347
6,22,34,38,40,44,15,348
1,16,27,28,41,46,38,349
10,13,21,26,29,47,49,350
13,31,35,40,47,48,39,351
11,12,27,41,43,46,36,352
1,18,30,32,41,48,24,353
2,11,13,25,34,36,38,354
10,15,18,43,45,48,11,355
7,8,11,25,34,43,16,356
1,16,23,25,36,47,21,357
1,2,11,26,28,46,16,358
3,5,20,38,39,44,43,359
11,17,28,34,36,46,26,360
20,28,33,41,43,45,10,361
13,32,35,39,41,42,1,362
18,24,37,38,43,47,2,363
9,23,26,28,29,44,31,364
1,5,9,21,24,49,35,365
9,12,23,36,44,48,26,366
2,29,34,40,44,45,1,367
5,10,13,18,34,35,15,368
15,29,37,39,48,49,46,369
2,5,10,19,23,25,11,370
1,7,12,22,29,31,4,371
13,21,32,39,42,46,36,372
1,6,7,25,39,41,5,373
2,12,15,27,38,40,35,374
1,5,18,25,35,41,14,375
11,22,27,29,35,40,48,376
2,5,12,25,26,38,6,377
2,12,31,35,43,47,40,378
16,24,25,38,42,46,6,379
4,6,7,12,25,47,9,380
2,11,22,29,34,39,45,381
23,31,35,40,41,44,21,382
9,17,18,21,42,48,7,383
3,5,22,32,42,49,28,384
3,14,18,22,28,36,47,385
2,15,22,27,45,48,32,386
20,25,29,31,37,46,49,387
1,16,24,31,35,39,21,388
8,10,12,28,38,42,33,389
8,9,16,17,19,30,45,390
3,4,8,9,24,49,23,391
3,10,19,26,29,48,18,392
9,36,38,40,46,47,13,393
9,20,23,26,28,37,44,394
5,7,11,18,38,40,31,395
15,17,22,28,36,46,24,396
10,25,29,34,47,49,17,397
3,11,13,16,21,36,26,398
1,4,9,17,19,41,7,399
4,10,28,44,45,48,39,400
1,10,27,40,43,44,2,401
1,2,6,12,18,24,25,402
3,5,16,17,32,37,24,403
16,20,22,39,42,46,38,404
1,16,17,20,22,42,29,405
1,22,23,43,46,49,33,406
8,12,16,34,36,47,33,407
8,15,16,19,30,45,44,408
1,16,31,38,43,44,42,409
8,10,17,28,32,34,42,410
10,15,16,20,27,43,19,411
1,17,26,27,34,39,13,412
4,7,13,19,23,49,17,413
15,19,20,22,28,44,42,414
5,6,9,18,31,37,32,415
10,12,16,18,22,29,30,416
13,18,27,43,47,48,21,417
5,13,29,31,39,40,33,418
3,7,12,17,28,44,36,419
3,7,8,27,37,49,48,420
5,8,10,31,32,41,11,421
6,8,18,25,26,36,13,422
9,13,14,26,30,37,5,423
1,4,15,20,24,40,32,424
21,34,38,41,42,49,25,425
1,2,6,18,20,38,29,426
17,29,30,33,35,42,10,427
1,3,6,7,15,27,39,428
5,12,19,22,25,27,29,429
1,22,31,41,42,46,36,430
16,22,26,31,39,43,9,431
1,3,7,12,30,43,22,432
6,16,33,37,40,47,28,433
1,7,9,10,18,27,43,434
1,15,22,25,38,47,16,435
12,25,28,40,41,42,29,436
7,8,21,30,36,44,4,437
3,21,30,34,44,49,13,438
1,9,27,33,38,49,31,439
11,14,27,32,34,49,28,440
2,3,5,13,33,49,10,441
1,8,9,12,19,26,49,442
8,16,24,25,32,33,12,443
13,23,28,30,38,44,26,444
11,23,29,32,37,39,31,445
5,6,23,25,28,42,43,446
13,20,32,33,43,47,28,447
4,13,25,35,38,43,30,448
10,15,31,36,44,49,7,449
4,15,20,45,47,48,34,450
2,3,11,32,35,42,18,451
11,13,14,33,39,45,41,452
9,10,15,23,46,48,38,453
15,17,23,36,43,48,21,454
11,31,37,38,41,47,18,455
3,7,21,22,26,40,41,456
8,14,17,42,45,47,39,457
2,10,11,29,37,44,13,458
4,7,15,24,41,49,30,459
8,11,12,20,32,42,30,460
1,20,24,27,29,31,4,461
1,20,22,31,40,42,38,462
14,19,20,22,34,39,37,463
7,8,20,21,31,39,6,464
1,7,15,32,40,41,9,465
3,20,21,24,28,39,23,466
2,7,8,20,33,43,4,467
1,2,9,10,38,41,31,468
15,20,24,35,43,48,9,469
6,10,17,21,43,49,33,470
14,23,32,33,36,42,3,471
7,21,22,23,34,36,11,472
6,16,21,36,37,45,40,473
4,6,9,15,20,38,27,474
1,17,25,29,30,33,47,475
7,19,25,29,35,43,1,476
16,39,41,42,43,45,14,477
7,11,18,22,37,38,30,478
5,10,29,41,44,45,6,479
8,16,20,33,35,49,24,480
16,22,24,33,43,49,45,481
8,14,23,24,43,44,4,482
2,16,25,35,39,43,26,483
4,5,8,26,31,37,10,484
2,4,6,18,23,24,32,485
2,24,25,26,28,46,49,486
2,3,10,21,25,34,47,487
2,3,14,22,32,33,24,488
10,23,27,28,35,46,2,489
1,9,16,18,34,37,12,490
2,25,31,32,44,46,7,491
2,13,23,28,35,48,18,492
2,9,20,22,29,35,38,493
15,29,30,36,41,42,39,494
1,7,9,13,22,27,34,495
18,19,37,41,45,48,9,496
1,20,28,29,33,34,40,497
13,14,20,24,41,47,6,498
8,28,30,43,44,46,12,499
5,11,15,19,28,36,46,500
2,4,7,8,18,30,33,501
5,6,8,9,14,49,3,502
2,7,12,14,36,41,35,503
1,3,9,11,19,47,40,504
11,13,19,20,32,40,9,505
15,25,30,33,40,46,18,506
11,13,33,34,39,45,15,507
7,15,23,35,36,43,8,508
14,17,20,29,34,39,7,509
16,17,21,28,30,37,9,510
4,15,26,39,46,49,11,511
1,5,7,16,17,41,20,512
7,21,29,30,37,49,36,513
2,3,8,31,40,44,45,514
1,5,6,16,26,41,48,515
2,28,34,36,39,42,24,516
14,25,26,35,39,40,37,517
3,10,15,30,38,45,41,518
2,7,23,25,39,45,22,519
8,15,18,33,37,40,32,520
3,9,25,26,36,39,35,521
2,6,23,26,35,38,11,522
4,15,20,21,29,33,16,523
4,15,27,30,37,45,19,524
4,11,18,33,47,48,30,525
8,24,25,26,33,40,13,526
7,21,22,23,40,43,34,527
10,11,21,28,38,40,29,528
13,14,27,32,35,38,48,529
2,5,10,23,39,41,48,530
3,10,14,23,42,43,34,531
4,7,10,21,27,32,37,532
9,12,18,30,46,48,42,533
2,3,7,24,42,45,10,534
5,16,21,22,36,43,28,535
1,13,24,34,40,49,37,536
4,11,23,25,38,46,17,537
13,17,19,26,34,36,2,538
7,14,26,28,34,45,9,539
6,13,21,26,31,32,30,540
9,13,26,28,36,38,46,541
9,24,32,45,46,47,33,542
1,5,18,23,29,35,27,543
2,7,9,11,18,31,5,544
2,7,18,21,25,29,32,545
1,2,18,28,34,40,25,546
13,16,23,25,31,47,36,547
6,33,36,42,44,45,48,548
3,12,24,31,43,46,42,549
8,9,25,36,40,44,17,550
2,8,20,23,45,48,43,551
16,18,21,22,24,38,34,552
11,16,23,27,36,39,35,553
13,20,21,24,42,49,43,554
5,18,29,30,39,43,26,555
3,5,21,26,38,43,32,556
12,15,37,42,45,47,29,557
3,15,19,22,24,31,5,558
1,3,20,26,39,44,30,559
5,7,14,15,18,45,11,560
11,31,32,38,46,48,42,561
1,2,16,18,32,40,15,562
3,8,33,39,41,48,32,563
21,29,30,34,36,45,49,564
11,12,20,28,34,46,41,565
6,23,27,42,44,49,15,566
26,27,35,36,44,49,42,567
12,13,32,41,43,44,21,568
3,5,8,10,25,30,15,569
2,12,19,23,40,42,9,570
6,21,22,29,43,49,48,571
6,12,33,38,43,45,49,572
4,7,9,21,26,34,28,573
17,19,32,40,41,47,37,574
2,25,31,37,39,47,35,575
3,8,21,26,30,46,11,576
4,5,15,37,41,44,8,577
9,11,13,16,38,42,6,578
5,17,27,28,39,48,44,579
1,3,7,22,40,47,15,580
2,10,13,15,25,49,4,581
4,7,9,10,24,42,41,582
2,21,23,27,44,48,30,583
1,2,15,26,31,49,43,584
3,24,27,28,30,46,42,585
4,8,15,26,39,49,34,586
11,12,18,31,46,47,27,587
11,13,32,37,42,43,20,588
1,7,9,15,21,38,31,589
12,23,39,44,45,48,47,590
7,8,12,19,26,36,9,591
5,28,31,36,40,49,20,592
8,11,12,15,19,20,34,593
10,16,18,31,33,48,7,594
2,4,26,36,43,48,30,595
2,4,8,9,26,38,23,596
3,4,8,12,21,42,48,597
1,9,13,16,33,37,4,598
17,27,32,37,45,47,25,599
9,15,25,28,30,35,22,600
9,14,15,22,26,33,16,601
10,14,17,33,40,41,12,602
5,13,28,40,44,49,43,603
13,15,20,29,30,43,1,604
1,11,12,14,41,46,45,605
5,6,18,19,21,34,10,606
2,12,28,32,42,46,23,607
4,8,12,20,37,39,30,608
5,13,20,26,29,34,30,609
1,2,10,44,45,46,22,610
2,7,22,25,26,42,44,611
13,25,32,33,38,47,26,612
1,4,8,10,34,49,46,613
5,13,15,20,26,31,35,614
2,7,13,23,27,40,4,615
1,5,6,15,19,26,14,616
11,23,27,29,38,49,40,617
2,3,13,19,22,39,21,618
4,16,19,27,32,39,21,619
12,15,20,29,36,48,31,620
4,35,38,43,44,48,37,621
3,16,32,42,43,45,6,622
10,11,14,24,27,47,32,623
9,12,22,30,42,47,27,624
12,21,25,29,42,48,6,625
14,19,23,35,37,47,42,731
11,13,34,35,47,49,20,732
7,10,11,12,14,20,41,733
16,17,20,32,39,45,46,734
15,38,40,42,46,47,17,735
2,32,36,37,39,43,3,736
12,13,17,21,31,39,20,737
3,4,13,18,24,42,47,738
1,6,17,25,40,42,15,739
10,33,41,42,47,49,3,740
5,6,23,31,39,41,16,741
3,4,7,34,36,45,24,742
9,12,15,24,33,35,18,743
14,20,23,26,37,38,33,744
13,15,20,32,35,39,11,745
2,3,20,28,36,44,21,746
3,8,14,27,31,48,23,747
12,16,18,22,23,27,41,748
1,6,24,25,32,47,38,749
5,11,13,21,22,42,25,750
4,19,28,29,30,41,10,751
3,15,23,30,36,37,28,752
6,8,20,24,36,47,27,753
1,18,35,39,43,48,2,754
4,10,12,18,22,40,24,755
14,20,30,32,35,43,33,756
8,10,20,24,28,29,32,757
9,10,23,29,37,38,44,758
4,6,14,24,29,33,45,759
15,28,37,38,42,47,33,760
22,35,37,41,46,47,24,761
4,21,22,26,36,46,41,762
20,37,39,40,41,45,8,763
1,7,16,17,22,23,19,764
10,15,18,24,28,43,35,765
6,22,23,24,36,44,3,766
5,12,25,35,38,42,28,767
16,19,21,29,36,42,10,768
1,3,11,15,26,48,28,769
2,33,34,42,44,47,10,770
1,16,19,24,25,26,21,771
5,10,24,32,43,48,4,772
5,9,15,32,38,43,12,773
8,12,13,15,35,46,30,774
3,8,22,27,31,39,14,775
6,10,19,29,37,41,9,776
5,17,21,31,33,48,25,777
1,2,19,31,47,48,36,778
1,10,13,40,42,46,41,779
11,19,21,27,38,39,24,780
11,13,15,23,27,33,4,781
9,23,25,31,44,49,2,782
1,2,15,18,28,32,26,783
16,18,35,37,43,47,7,784
8,24,31,35,37,41,19,785
17,23,27,30,43,49,31,786
2,17,20,37,47,49,36,787
4,5,6,8,22,38,42,788
2,8,13,29,35,36,14,789
6,19,28,37,38,46,42,790
17,24,27,28,42,45,31,791
3,20,24,25,28,49,30,792
25,27,33,38,40,49,12,793
2,12,14,22,40,45,4,794
26,30,37,38,42,43,32,795
13,18,30,32,41,48,45,796
5,23,29,32,36,42,14,797
10,31,32,33,43,45,30,798
10,12,26,36,37,48,34,799
2,5,22,24,30,35,42,800
2,9,23,29,38,41,8,801
1,8,12,15,36,47,10,802
2,8,11,38,41,48,18,803
15,23,28,30,36,48,45,804
2,25,27,28,34,37,42,805
14,16,23,27,28,44,40,806
3,9,23,26,31,42,41,807
10,11,24,34,44,48,31,808
2,8,15,26,29,49,3,809
1,6,13,16,30,33,3,810
2,6,18,33,34,43,28,811
7,8,21,23,26,39,28,812
4,8,19,32,44,46,21,813
20,33,34,35,41,43,4,814
2,5,24,28,33,44,4,815
5,15,24,27,33,36,1,816
4,7,13,14,21,29,22,817
2,7,8,14,21,38,11,818
2,11,22,35,39,40,36,819
4,19,20,29,32,36,30,820
12,19,21,35,42,46,40,821
10,11,12,15,16,45,19,822
16,21,37,40,41,46,27,823
8,10,27,30,36,43,48,824
1,7,11,14,35,36,10,825
23,27,31,37,39,45,6,826
3,13,14,18,22,38,6,827
10,37,38,39,40,45,18,828
2,23,30,36,44,48,24,829
10,31,35,36,41,44,34,830
5,7,9,26,27,34,8,831
6,17,27,31,40,48,28,832
1,8,23,24,30,32,14,833
12,13,15,28,30,37,3,834
9,19,26,34,38,40,37,835
10,14,23,35,41,46,19,836
3,21,23,27,45,47,40,837
22,36,42,43,46,48,21,838
4,10,22,35,42,46,32,839
10,12,22,30,39,44,9,840
8,21,29,38,44,45,20,841
3,20,21,22,34,40,44,842
1,11,14,15,19,33,42,843
5,8,20,32,34,35,17,844
7,22,27,33,39,41,13,845
5,16,19,29,41,43,37,846
2,11,19,21,33,45,40,847
14,15,26,30,38,44,19,848
2,21,32,39,42,46,19,849
2,6,13,15,17,43,4,850
2,30,32,36,43,47,49,851
2,6,15,21,31,45,24,852
2,5,17,20,25,48,14,853
10,21,41,44,45,48,32,854
6,24,46,47,48,49,40,855
26,27,28,30,31,43,8,856
4,5,7,13,26,46,24,857
22,31,36,37,43,44,11,858
16,18,23,27,28,29,19,859
1,20,21,28,36,38,30,860
8,22,23,39,44,47,36,861
4,5,17,36,37,40,25,862
6,19,27,31,33,42,13,863
1,4,9,20,25,35,43,864
19,23,25,26,31,43,10,865
2,3,25,44,45,48,31,866
9,14,19,21,39,47,11,867
13,22,24,35,40,45,37,868
5,7,21,22,31,43,4,869
4,11,17,23,31,39,14,870
6,23,24,25,29,30,47,871
10,22,29,30,33,37,27,872
1,30,35,44,47,49,46,873
13,23,25,31,39,46,41,874
1,8,13,18,28,49,6,875
1,17,22,26,33,40,11,876
5,22,38,43,46,49,13,877
4,18,31,34,39,44,49,878
11,13,16,35,40,49,39,879
1,9,24,45,46,49,12,880
3,21,29,33,35,40,45,881
9,15,23,38,47,49,36,882
1,5,17,19,26,46,47,883
6,24,28,36,38,44,8,884
1,6,7,12,16,41,49,885
9,11,30,36,39,45,26,886
11,18,21,34,41,49,47,887
4,11,18,19,27,31,24,888
3,16,26,28,31,41,45,889
8,15,28,35,41,46,11,890
17,19,22,25,30,37,31,891
11,17,22,34,41,44,27,892
5,11,21,24,37,39,13,893
5,7,9,22,27,34,45,894
1,24,28,33,43,44,31,895
13,14,18,27,29,44,21,896
12,23,28,29,43,47,26,897
1,3,14,24,26,45,38,898
2,19,27,31,38,49,32,899
7,38,39,43,47,48,29,900
6,29,40,44,46,47,33,901
7,34,35,42,43,47,29,902
1,3,6,30,38,41,46,903
18,28,31,34,36,45,42,904
10,21,32,36,40,48,9,905
7,17,19,24,30,44,31,906
3,4,21,30,31,48,15,907
20,31,32,33,37,38,39,908
12,13,18,39,44,48,35,909
22,29,30,36,37,42,9,910
18,19,34,35,45,49,16,911
4,6,22,41,42,47,18,912
1,3,7,9,28,40,45,913
9,17,18,33,44,47,8,914
8,15,18,30,31,41,45,915
5,11,12,30,43,48,15,916
2,3,28,35,44,45,36,917
13,25,27,39,45,49,11,918
2,7,19,20,25,46,43,919
1,17,20,28,32,41,13,920
10,14,20,25,36,46,2,921
4,18,24,36,37,38,31,922
8,13,41,42,47,48,29,923
9,25,31,37,38,45,21,924
2,11,14,22,25,31,26,925
17,18,32,33,41,42,12,926
6,20,23,24,27,34,16,927
2,3,4,14,18,46,25,928
5,9,13,18,19,31,32,929
5,18,26,31,37,43,8,930
2,23,29,30,41,43,16,931
8,11,13,19,23,28,49,932
5,12,14,22,38,44,25,933
8,11,17,21,28,49,37,934
5,7,10,15,19,44,49,935
13,17,22,25,31,48,26,936
12,18,25,32,41,47,7,937
5,14,18,28,37,42,19,938
3,4,22,32,33,49,21,939
1,7,24,31,35,47,21,940
5,6,14,19,27,33,31,941
1,10,24,33,44,48,37,942
2,8,32,34,44,46,14,943
22,27,30,33,37,46,24,944
2,14,23,25,31,47,48,945
2,4,11,18,48,49,38,946
3,7,31,32,34,43,41,947
1,26,28,37,39,46,3,948
8,15,19,25,30,38,6,949
4,11,22,26,38,47,13,950
5,11,17,22,30,34,10,951
9,10,12,21,31,35,19,952
6,16,40,45,46,48,31,953
3,13,19,24,27,38,40,954
2,8,17,30,34,40,26,955
7,23,24,28,32,40,8,956
7,9,17,25,28,35,36,957
8,15,21,30,36,39,17,958
1,26,34,35,36,37,7,959
5,24,30,35,36,38,11,960
12,13,16,29,44,45,30,961
16,20,35,46,47,49,31,962
5,13,23,37,43,44,26,963
1,12,25,37,39,40,18,964
5,7,13,23,24,30,1,965
1,9,20,28,39,42,47,966
2,3,8,15,24,46,36,967
11,15,20,23,26,35,31,968
4,7,13,17,21,35,33,969
7,16,35,45,47,48,39,970
1,3,18,22,29,32,21,971
6,18,40,43,45,48,24,972
3,36,37,40,42,48,17,973
12,15,29,31,36,45,40,974
15,17,19,30,40,47,25,975
10,30,32,37,46,47,16,976
1,4,8,22,32,45,2,977
9,11,14,25,33,35,2,978
2,17,25,32,39,43,34,979
1,6,7,27,30,39,21,980
5,10,16,22,23,24,31,981
24,29,35,39,42,49,48,982
10,27,28,31,37,41,34,983
7,10,16,17,30,43,23,984
3,6,10,33,39,44,37,985
14,19,34,43,46,47,42,986
3,14,29,33,39,48,22,987
16,20,34,42,46,49,4,988
4,16,22,32,35,47,43,989
4,11,25,36,41,43,27,990
10,29,35,39,41,44,7,991
7,18,26,28,34,38,5,992
22,26,31,42,44,49,29,993
1,5,18,21,40,44,22,994
11,14,28,39,40,45,42,995
19,24,28,29,41,43,37,996
15,24,29,34,47,48,31,997
10,13,16,29,31,37,32,998
3,5,9,15,30,49,48,999
4,17,24,27,35,49,39,1000
8,17,21,34,39,45,44,1001
6,15,16,22,43,45,48,1002
7,27,43,44,45,46,35,1003
1,4,17,27,32,48,6,1004
3,4,12,13,24,30,9,1005
12,14,16,34,37,48,7,1006
4,17,24,27,29,40,9,1007
5,7,16,28,31,49,34,1008
5,11,12,14,31,35,26,1009
5,8,11,14,15,36,46,1010
2,21,24,27,36,46,5,1011
11,13,22,29,39,48,45,1012
6,7,14,33,36,48,18,1013
1,10,14,34,42,47,9,1014
12,16,26,27,28,45,6,1015
1,8,17,19,40,46,15,1016
6,12,19,28,39,47,36,1017
7,9,15,23,34,35,41,1018
1,12,18,19,38,46,2,1019
1,4,14,17,23,46,41,1020
7,12,18,25,28,48,46,1021
4,6,7,11,26,31,38,1022
2,10,32,37,46,49,28,1023
8,13,16,20,22,28,49,1024
9,11,17,39,40,43,46,1025
7,8,16,23,32,39,22,1026
3,8,10,11,35,36,39,1027
1,4,21,30,39,42,44,1028
6,16,26,31,36,46,9,1029
3,12,27,29,37,46,17,1030
1,3,28,30,33,39,34,1031
3,12,22,23,29,46,33,1032
2,4,18,31,36,43,8,1033
15,16,33,35,36,46,21,1034
8,9,11,24,40,47,33,1035
1,10,11,15,20,21,26,1036
2,8,13,19,30,31,20,1037
8,10,17,38,44,49,40,1038
4,6,8,10,15,36,13,1039
6,11,27,34,42,49,21,1040
10,16,26,28,41,48,42,1041
1,4,9,14,22,28,20,1042
8,9,14,17,25,45,27,1043
9,21,24,33,36,43,3,1044
2,12,16,31,39,43,18,1045
5,27,29,36,40,42,35,1046
11,18,20,21,35,37,8,1047
1,7,21,25,35,36,39,1048
7,17,19,30,32,37,3,1049
2,11,21,41,45,49,26,1050
13,15,20,26,29,36,37,1051
12,15,22,38,43,44,9,1052
1,4,20,29,41,45,36,1053
1,2,5,7,26,30,24,1054
9,22,44,45,48,49,8,1055
17,23,27,38,48,49,19,1056
6,9,13,19,36,37,27,1057
3,13,14,19,24,45,5,1058
1,2,16,17,27,30,48,1059
8,12,19,32,42,46,28,1060
5,11,12,21,22,28,25,1061
6,15,21,22,31,44,41,1062
10,19,20,24,33,48,1,1063
6,19,20,26,32,47,35,1064
11,12,23,28,40,48,9,1065
3,5,9,12,13,46,4,1066
13,17,18,24,28,32,37,1067
8,26,35,37,40,43,6,1068
6,18,26,30,37,38,16,1069
13,15,16,20,40,43,14,1070
2,8,27,40,41,47,28,1071
12,26,28,35,39,40,16,1072
8,18,26,31,46,47,20,1073
19,23,25,30,42,47,16,1074
9,18,23,35,36,47,41,1075
18,22,29,30,46,47,6,1076
8,24,35,37,41,47,23,1077
1,14,17,27,28,45,11,1078
1,3,4,9,12,17,15,1079
5,8,24,26,35,44,41,1080
8,9,15,40,44,48,24,1081
11,12,15,18,20,37,42,1082
4,24,34,35,38,46,30,1083
2,9,27,30,44,46,22,1084
1,7,23,25,37,40,12,1085
10,25,35,39,40,46,31,1086
1,11,13,21,27,37,3,1087
15,20,29,31,32,44,23,1088
14,31,38,41,42,45,29,1089
6,13,30,33,34,35,38,1090
11,17,22,27,30,46,15,1091
10,19,23,26,32,39,16,1092
9,17,21,24,30,35,15,1093
16,31,32,33,35,44,46,1094
25,29,40,41,47,49,48,1095
3,11,28,32,33,35,30,1096
4,21,28,32,37,42,16,1097
3,6,18,20,25,48,12,1098
12,14,16,33,36,47,48,1099
1,8,12,14,40,41,15,1100
13,21,27,34,35,36,24,1101
6,7,8,9,21,48,18,1102
3,14,17,24,27,48,28,1103
10,22,25,33,39,47,38,1104
1,7,14,15,18,30,33,1105
7,18,23,32,34,48,13,1106
1,2,15,19,21,30,40,1107
3,9,13,17,28,42,14,1108
5,21,30,32,35,45,26,1109
31,32,34,36,44,47,46,1110
5,8,21,23,32,45,18,1111
4,11,26,33,40,42,34,1112
26,31,32,38,42,45,37,1113
4,6,10,12,34,45,44,1114
18,23,29,46,47,48,5,1115
6,7,9,12,14,19,17,1116
8,16,23,30,31,43,18,1117
1,17,19,23,32,43,9,1118
9,10,21,23,38,39,35,1119
7,8,36,39,42,43,22,1120
10,16,25,27,32,36,45,1121
21,23,29,41,42,49,14,1122
2,23,27,31,36,49,15,1123
7,12,16,18,19,41,45,1124
2,6,17,29,32,39,4,1125
2,11,20,28,32,38,16,1126
8,15,19,22,29,37,39,1127
18,35,36,41,47,49,15,1128
10,14,19,24,35,37,39,1129
17,18,40,41,45,47,29,1130
1,11,19,24,26,28,33,1131
9,10,14,20,36,47,8,1132
2,11,20,32,33,36,39,1133
14,28,31,38,42,44,45,1134
1,17,20,36,37,45,15,1135
5,16,25,32,37,44,21,1136
2,8,10,14,27,49,20,1137
3,20,30,35,38,41,47,1138
11,19,25,27,40,49,33,1139
5,11,18,23,36,43,14,1140
15,16,29,34,41,44,49,1141
11,12,20,26,28,43,6,1142
2,3,22,26,32,34,40,1143
1,15,16,32,44,48,40,1144
1,10,21,35,40,44,36,1145
9,11,13,23,26,42,47,1146
11,18,30,34,37,47,17,1147
7,9,23,33,41,43,24,1148
7,8,24,29,32,48,37,1149
17,28,32,34,35,45,8,1150
1,9,24,32,41,49,40,1151
3,27,30,31,32,39,35,1152
9,27,32,42,45,49,30,1153
7,30,32,44,48,49,45,1154
13,22,23,29,31,48,6,1155
11,16,29,30,37,43,13,1156
7,8,18,21,23,24,11,1157
2,14,16,22,37,46,49,1158
2,17,28,32,38,46,49,1159
9,24,28,35,45,47,48,1160
8,16,20,38,39,42,29,1161
4,9,15,21,27,45,6,1162
3,14,24,35,39,44,28,1163
5,13,15,16,18,30,8,1164
5,11,29,36,42,46,48,1165
14,15,26,29,35,44,9,1166
1,9,15,25,29,35,38,1167
3,11,15,23,40,46,13,1168
3,6,15,16,27,31,14,1169
7,25,27,31,40,49,11,1170
5,9,10,28,29,45,41,1171
2,5,11,17,27,40,20,1172
3,6,12,34,37,43,28,1173
14,20,21,32,38,43,23,1174
3,28,39,41,46,48,9,1175
2,6,27,34,38,43,45,1176
4,6,11,41,43,46,21,1177
6,21,22,35,37,44,29,1178
3,11,25,34,46,47,42,1179
6,9,14,16,22,33,11,1180
5,32,36,40,42,49,1,1181
4,7,9,13,29,46,8,1182
3,4,6,9,17,24,28,1183
12,13,15,18,24,36,39,1184
2,4,13,25,32,43,15,1185
13,32,36,40,42,43,41,1186
11,17,19,33,45,47,4,1187
10,11,17,20,42,44,13,1188
1,22,23,38,48,49,11,1189
26,32,33,36,45,47,39,1190
1,3,11,22,29,33,30,1191
13,25,31,35,41,46,49,1192
3,5,12,26,36,44,23,1193
8,15,25,29,47,49,9,1194
8,28,41,42,44,49,30,1195
2,10,15,28,44,49,39,1196
1,13,23,29,31,33,17,1197
3,6,18,27,29,32,40,1198
15,16,29,39,42,46,14,1199
3,21,23,28,37,43,5,1200
2,10,11,20,26,45,30,1201
2,5,11,28,32,34,24,1202
1,7,19,20,46,47,13,1203
8,21,32,35,41,48,34,1204
3,20,27,34,37,44,12,1205
8,19,22,24,26,28,18,1206
3,4,25,35,41,45,7,1207
3,5,11,18,25,38,15,1208
2,13,33,35,43,45,5,1209
5,6,12,28,29,41,7,1210
18,19,32,35,46,48,47,1211
21,23,28,29,41,46,24,1212
1,14,27,33,42,46,41,1213
5,6,13,26,29,47,33,1214
10,12,14,19,30,45,41,1215
4,7,20,27,33,40,38,1216
8,9,16,39,40,44,28,1217
10,12,25,33,39,42,29,1218
6,15,27,32,44,49,16,1219
13,16,18,30,32,40,29,1220
3,12,17,19,38,48,43,1221
25,26,27,28,36,37,38,1222
1,2,35,43,45,46,14,1223
5,13,14,23,24,42,35,1224
8,20,29,30,42,49,21,1225
10,15,20,21,27,36,45,1226
13,15,22,26,45,47,49,1227
8,11,12,15,40,46,16,1228
9,18,19,20,40,48,3,1229
19,20,44,46,47,49,9,1230
8,28,31,32,36,43,9,1231
5,10,18,29,41,44,30,1232
2,13,30,31,34,44,39,1233
6,16,17,36,37,41,28,1234
6,10,39,44,46,47,30,1235
9,13,21,25,38,39,2,1236
1,3,25,31,35,44,15,1237
11,15,36,41,44,45,35,1238
3,8,10,28,38,47,13,1239
2,8,22,27,35,43,24,1240
24,29,31,32,44,49,39,1241
20,25,29,31,40,44,21,1242
12,17,32,37,38,39,27,1243
1,16,41,43,46,47,25,1244
7,8,10,17,34,36,43,1245
3,6,8,15,20,30,40,1246
8,16,22,28,45,48,13,1247
8,24,27,30,45,49,42,1248
7,10,11,27,28,45,21,1249
1,11,16,18,31,33,19,1250
2,7,26,31,44,47,36,1251
4,9,10,39,40,42,8,1252
1,9,13,28,29,48,45,1253
4,5,23,25,40,41,11,1254
6,13,15,19,37,41,22,1255
16,21,34,37,41,47,21,1256
8,15,32,36,40,43,3,1257
1,4,25,29,42,43,11,1258
4,11,18,22,23,31,19,1259
5,6,11,15,18,25,31,1260
8,12,13,29,37,49,43,1261
3,7,11,12,16,30,13,1262
1,8,13,30,32,42,11,1263
16,19,24,29,41,43,32,1264
1,3,7,15,25,33,21,1265
3,10,13,28,44,48,1,1266
5,15,18,39,40,44,37,1267
6,11,16,17,27,42,35,1268
4,9,14,23,44,46,41,1269
10,15,17,20,43,46,37,1270
11,13,17,35,39,46,2,1271
16,35,38,44,45,48,27,1272
15,21,23,26,43,48,34,1273
4,5,26,30,38,41,28,1274
4,11,21,25,35,37,43,1275
8,12,13,16,27,32,24,1276
9,24,25,31,37,45,12,1277
18,19,22,32,44,47,9,1278
3,13,29,30,34,48,28,1279
6,10,11,22,32,45,4,1280
4,6,18,29,35,48,20,1281
1,3,16,20,21,26,22,1282
11,23,29,33,34,40,6,1283
11,20,23,30,39,44,49,1284
10,14,19,20,43,45,22,1285
3,9,17,21,41,46,27,1286
7,14,17,22,23,34,12,1287
5,7,12,17,22,29,4,1288
3,27,30,35,39,41,32,1289
9,16,30,34,36,49,31,1290
6,14,30,42,41,48,18,1291
1,3,4,18,25,47,13,1292
7,11,16,20,30,33,6,1293
7,11,22,37,40,41,20,1294
1,17,18,34,46,47,25,1295
8,12,16,29,37,39,40,1296
14,23,28,32,38,43,3,1297
2,7,13,30,36,45,43,1298
11,14,19,39,45,49,23,1299
9,13,17,28,45,47,3,1300
12,21,39,41,46,47,14,1301
12,19,23,33,46,48,29,1302
6,12,21,25,34,43,28,1303
8,14,27,31,36,40,3,1304
1,7,17,40,41,43,33,1305
1,26,37,39,42,48,41,1306
3,4,8,22,36,38,7,1307
3,10,22,31,35,38,37,1308
2,3,20,23,34,42,40,1309
5,10,25,30,40,43,26,1310
6,8,13,21,33,39,45,1311
2,9,13,16,24,39,41,1312
1,2,5,32,45,46,43,1313
3,10,27,33,41,44,7,1314
5,8,23,31,39,44,19,1315
4,13,15,22,23,48,3,1316
12,13,16,33,35,37,18,1317
7,10,17,20,21,31,49,1318
2,27,34,35,36,49,26,1319
14,17,27,28,39,41,18,1320
7,8,25,39,45,46,38,1321
8,20,24,34,41,43,32,1322
6,9,15,17,40,47,24,1323
9,10,13,19,23,35,38,1324
25,31,34,42,43,46,5,1325
24,25,29,33,35,38,49,1326
7,13,33,40,45,46,39,1327
2,10,17,27,33,49,15,1328
9,15,19,22,35,41,37,1329
9,15,27,28,30,41,13,1330
4,15,20,22,28,29,1,1331
1,2,22,27,35,40,33,1332
15,17,30,35,37,45,41,1333
8,20,33,35,42,43,10,1334
5,14,15,20,27,29,35,1335
5,19,26,44,46,48,36,1336
25,26,37,38,44,48,31,1337
9,28,34,41,42,49,6,1338
1,11,18,27,36,46,26,1339
9,11,20,21,45,46,42,1340
4,7,20,23,28,45,35,1341
1,12,35,36,41,44,21,1342
3,16,22,33,40,41,39,1343
17,23,30,31,34,49,36,1344
4,7,17,22,44,45,32,1345
1,2,29,31,33,43,40,1346
14,15,16,35,46,48,2,1347
4,10,31,38,40,48,5,1348
11,23,30,35,40,44,7,1349
10,16,30,33,37,42,43,1350
2,8,13,14,37,39,38,1351
10,23,29,30,44,47,7,1352
14,15,16,24,44,47,21,1353
2,8,21,32,33,37,15,1354
5,15,25,27,33,34,43,1355
1,10,13,33,37,38,40,1356
10,11,15,20,31,49,44,1357
2,3,17,28,38,49,21,1358
3,6,11,17,22,49,44,1359
2,7,8,22,28,32,20,1360
7,8,25,33,41,43,6,1361
6,18,24,25,26,34,19,1362
1,21,24,25,34,44,19,1363
1,3,22,28,37,42,10,1364
3,21,26,28,38,40,42,1365
5,25,26,34,40,49,47,1366
27,30,32,41,44,46,42,1367
12,28,38,42,44,49,2,1368
19,29,33,36,39,49,6,1369
11,19,25,34,36,42,8,1370
1,29,35,36,44,46,6,1371
8,23,28,38,41,42,30,1372
10,25,26,29,31,40,2,1373
6,7,35,37,38,47,12,1374
?18,22,41,42,47,49,45,1375
?12,14,32,35,40,43,17,1376
4,13,14,37,39,46,31,1377
14,19,21,25,27,38,22,1378
4,12,17,28,34,40,7,1379
1,5,16,18,31,41,13,1380
1,9,17,31,33,48,49,1381
1,5,7,31,35,49,42,1382
1,19,20,25,30,32,2,1383
3,8,9,12,14,22,46,1384
10,19,26,29,43,45,20,1385
4,11,16,28,33,46,17,1386
4,9,11,32,43,47,44,1387
2,11,25,29,30,33,20,1388
6,18,19,23,32,49,21,1389
7,11,12,15,24,26,6,1390
10,11,21,23,28,37,24,1391
6,16,21,23,46,49,39,1392
8,10,15,32,39,48,43,1393
12,16,35,38,41,47,1,1394
6,14,15,19,30,43,31,1395
2,16,20,37,43,48,10,1396
6,12,22,31,41,44,2,1397
11,12,21,35,41,48,1,1398
15,17,20,32,33,39,21,1399
4,17,25,36,40,44,8,1400
8,16,27,32,43,44,7,1401
24,36,39,41,45,49,22,1402
21,22,32,37,42,44,38,1403
17,18,22,24,25,38,39,1404
5,17,33,34,43,44,4,1405
19,23,31,32,37,49,26,1406
9,22,31,36,40,47,8,1407
2,3,4,23,29,42,14,1408
14,21,25,35,36,39,18,1409
5,15,22,23,28,39,25,1410
16,17,30,32,35,41,26,1411
1,3,19,31,32,42,43,1412
14,23,24,27,36,39,13,1413
1,9,18,19,34,49,11,1414
16,17,20,21,32,40,15,1415
2,9,18,22,25,35,14,1416
5,6,7,14,29,46,24,1417
15,16,21,23,28,46,14,1418
2,10,15,22,26,32,42,1419
8,14,16,19,21,35,20,1420
7,14,19,30,31,39,40,1421
3,7,8,23,30,31,32,1422
14,16,25,32,36,48,12,1423
24,26,31,32,37,46,1,1424
2,4,17,22,36,43,40,1425
1,15,21,26,36,45,10,1426
1,12,29,30,33,44,19,1427
2,8,12,34,41,42,7,1428
11,33,34,46,47,49,38,1429
8,12,22,30,32,36,6,1430
4,21,27,28,30,35,42,1431
18,30,40,42,44,49,8,1432
6,16,19,23,33,39,7,1433
16,18,19,25,26,32,22,1434
13,14,21,29,42,48,11,1435
2,12,24,32,42,47,29,1436
2,11,23,30,33,42,7,1437
11,13,18,22,38,39,3,1438
2,12,21,30,42,47,31,1439
15,16,26,27,39,45,37,1440
6,9,23,27,34,46,20,1441
2,8,9,18,27,37,33,1442
13,16,27,28,33,42,11,1443
7,10,12,35,38,47,23,1444
4,10,13,36,44,45,5,1445
1,4,19,24,28,31,49,1446
5,18,25,31,48,49,44,1447
5,11,14,16,36,40,46,1448
13,17,23,27,33,41,2,1449
8,13,15,19,29,42,25,1450
7,23,29,36,45,49,14,1451
3,8,11,16,33,37,35,1452
2,12,15,18,37,40,39,1453
18,35,39,43,47,49,44,1454
10,11,14,19,22,38,42,1455
3,14,16,21,33,36,20,1456
15,18,25,30,33,44,38,1457
4,28,32,37,41,45,47,1458
6,28,29,30,31,39,33,1459
5,8,23,34,44,46,16,1460
1,3,6,11,19,27,5,1461
3,8,18,19,26,42,17,1462
2,3,5,14,16,29,32,1463
2,11,17,22,38,40,41,1464
4,25,31,36,39,46,2,1465
8,20,23,33,36,43,2,1466
5,6,12,22,30,48,41,1467
10,15,24,26,29,35,12,1468
5,15,24,25,44,47,45,1469
2,14,19,28,39,46,45,1470
4,23,25,28,39,43,41,1471
4,8,10,14,41,45,38,1472
9,14,17,19,46,47,29,1473
2,3,5,28,42,48,9,1474
1,12,13,37,41,43,49,1475
1,5,8,10,34,35,46,1476
16,19,28,37,38,41,10,1477
17,19,24,27,31,37,8,1478
3,14,18,31,41,42,2,1479
12,18,20,21,31,37,24,1480
7,8,10,20,24,27,19,1481
11,12,15,20,27,47,36,1482
2,6,12,18,36,46,47,1483
4,13,17,29,31,44,14,1484
2,10,22,23,24,37,42,1485
1,7,14,22,40,45,29,1486
8,26,29,32,36,39,23,1487
2,13,16,22,26,48,39,1488
2,12,26,28,33,34,44,1489
7,23,32,34,43,47,24,1490
7,8,15,23,31,36,30,1491
1,2,10,11,26,43,40,1492
6,10,24,27,41,43,49,1493
12,17,20,21,30,45,9,1494
4,10,19,26,35,45,38,1495
7,21,22,37,41,48,15,1496
4,7,23,24,27,41,17,1497
3,5,17,32,33,47,36,1498
7,8,20,28,34,46,10,1499
7,9,19,22,36,49,29,1500
12,33,34,38,40,46,7,1501
3,7,15,16,18,41,42,1502
1,3,18,23,28,44,10,1503
1,12,17,25,31,48,21,1504
9,11,13,17,38,42,29,1505
12,15,18,27,30,38,19,1506
14,20,22,27,28,38,19,1507
3,14,16,17,43,46,4,1508
8,9,23,30,37,41,31,1509
4,9,13,32,34,41,42,1510
13,15,24,30,38,40,44,1511
1,5,13,43,44,47,25,1512
1,7,22,32,34,36,8,1513
7,25,31,34,47,49,26,1514
7,27,32,34,41,47,9,1515
1,12,25,28,40,46,39,1516
7,16,31,38,40,41,39,1517
10,14,32,33,35,46,43,1518
9,10,19,21,35,36,49,1519
4,25,26,27,30,48,11,1520
8,29,33,34,46,49,19,1521
10,22,30,33,36,47,43,1522
3,8,21,22,37,41,46,1523
4,11,25,35,37,48,36,1524
2,12,13,16,32,43,24,1525
1,11,36,38,41,42,48,1526
2,13,24,29,41,49,45,1527
1,6,22,24,32,42,16,1528
11,14,20,26,37,41,2,1529
16,26,28,33,42,49,20,1530
2,17,22,25,26,41,16,1531
2,9,17,31,32,40,47,1532
2,3,14,15,35,37,29,1533
16,25,28,30,44,46,27,1534
8,9,28,34,37,42,15,1535
6,7,11,25,26,30,31,1536
5,9,11,23,37,44,24,1537
4,13,27,30,37,41,20,1538
9,11,20,31,34,44,10,1539
2,3,21,28,32,47,27,1540
9,11,21,24,39,43,7,1541
2,14,21,31,42,46,4,1542
11,20,26,34,41,43,9,1543
9,12,13,24,39,45,38,1544
24,25,29,32,42,49,12,1545
5,12,17,19,35,48,9,1546
15,20,22,31,35,37,14,1547
4,6,30,35,40,43,13,1548
12,13,19,25,30,46,5,1549
5,7,16,18,36,48,37,1550
15,16,17,25,34,49,5,1551
3,14,19,21,35,48,13,1552
8,12,17,28,31,34,1,1553
3,7,9,31,39,45,35,1554
8,10,11,39,42,44,27,1555
12,15,34,37,43,46,38,1556
4,6,10,15,42,49,12,1557
2,8,14,21,37,44,49,1558
14,16,18,23,25,44,41,1559
19,29,36,37,45,46,18,1560
11,23,24,36,41,45,43,1561
3,5,10,11,29,45,25,1562
19,25,27,39,40,46,6,1563
1,2,7,20,27,37,19,1564
2,8,16,33,42,47,14,1565
3,9,10,42,44,47,5,1566
8,13,16,23,35,41,21,1567
4,6,7,12,20,21,29,1568
1,24,39,40,46,49,33,1569
7,18,20,32,42,49,24,1570
6,9,13,20,42,43,21,1571
8,10,23,33,41,46,48,1572
3,9,28,32,39,47,7,1573
5,16,18,32,41,47,2,1574
2,5,26,29,38,39,7,1575
4,12,14,15,22,48,28,1576
7,21,35,36,42,43,10,1577
7,11,23,30,38,49,45,1578
4,31,34,36,40,44,20,1579
7,20,21,34,37,43,5,1580
27,33,36,41,43,44,31,1581
5,14,20,27,29,45,7,1582
3,6,12,16,17,20,14,1583
11,20,29,33,34,36,18,1584
7,12,15,21,27,47,48,1585
6,9,14,19,38,49,20,1586
5,8,11,15,33,37,3,1587
5,19,21,34,41,49,42,1588
7,26,27,28,30,32,44,1589
7,11,19,23,35,44,33,1590
18,23,24,25,39,42,48,1591
6,7,8,20,47,48,30,1592
4,19,21,28,39,43,18,1593
13,20,22,31,34,42,9,1594
12,20,30,38,40,41,10,1595
4,5,10,30,39,45,14,1596
2,20,36,37,42,46,29,1597
3,10,14,15,20,45,2,1598
14,20,24,30,44,48,31,1599
10,17,20,21,32,41,34,1600
2,7,22,35,46,49,41,1601
12,24,28,36,37,40,6,1602
6,8,24,32,34,36,49,1603
13,18,30,34,45,49,33,1604
17,23,28,29,32,39,12,1605
7,21,29,33,40,41,8,1606
8,13,14,32,36,42,5,1607
6,8,18,19,20,30,22,1608
5,8,14,19,22,47,24,1609
11,16,19,29,30,45,1,1610
1,3,40,44,46,48,2,1611
1,3,4,24,32,43,37,1612
6,20,22,43,45,48,11,1613
6,17,22,34,38,42,20,1614
1,8,14,27,40,45,34,1615
12,13,16,21,42,43,39,1616
3,11,15,25,31,48,36,1617
5,7,22,37,40,45,12,1618
5,10,12,20,28,36,15,1619
7,16,17,36,47,48,49,1620
1,12,16,37,41,47,36,1621
6,13,14,19,24,38,26,1622
1,3,12,16,29,49,4,1623
5,28,38,40,41,47,25,1624
11,28,29,38,43,49,22,1625
10,36,37,44,45,46,48,1626
12,26,32,34,45,46,14,1627
1,14,23,36,39,41,4,1628
4,11,24,29,32,45,49,1629
8,14,16,18,30,35,36,1630
8,24,29,37,44,48,6,1631
1,4,19,24,47,49,36,1632
6,7,19,31,32,40,15,1633
2,14,23,29,35,43,22,1634
11,17,27,31,33,37,12,1635
9,15,27,28,40,43,45,1636
2,7,12,21,23,45,10,1637
7,10,18,32,41,46,42,1638
12,13,19,21,29,39,41,1639
3,11,22,36,38,40,7,1640
8,15,21,31,36,46,18,1641
5,6,19,23,43,48,7,1642
18,22,26,27,30,38,45,1643
6,31,32,39,40,42,28,1644
6,10,12,22,24,37,3,1645
5,16,27,29,33,45,28,1646
7,12,26,30,31,32,13,1647
8,20,31,36,38,45,33,1648
9,13,15,26,31,33,10,1649
2,4,11,33,39,42,19,1650
11,17,32,33,38,46,15,1651
11,17,20,34,37,41,6,1652
12,14,18,19,37,47,30,1653
15,30,31,37,39,48,8,1654
12,17,26,33,35,39,10,1655
12,14,35,37,42,47,6,1656
4,11,36,40,41,48,49,1657
4,12,21,24,33,35,42,1658
5,34,42,46,48,49,14,1659
1,10,20,37,38,49,31,1660
4,13,18,26,41,48,33,1661
5,21,25,32,36,41,33,1662
7,8,31,33,41,45,39,1663
1,16,19,27,35,42,41,1664
5,17,19,21,42,43,16,1665
1,4,8,10,45,47,41,1666
6,26,35,42,44,48,7,1667
11,13,25,32,33,48,31,1668
2,14,19,20,26,43,23,1669
3,12,17,20,29,38,47,1670
2,7,15,27,37,39,43,1671
12,18,29,40,41,48,24,1672
8,17,23,24,31,34,25,1673
2,16,18,20,22,39,21,1674
10,21,25,26,35,37,4,1675
2,9,12,15,20,49,40,1676
10,21,23,33,42,48,41,1677
7,13,18,21,26,34,8,1678
7,12,17,21,30,37,49,1679
13,21,28,35,37,38,33,1680
3,23,32,36,39,40,49,1681
6,17,22,23,32,42,13,1682
3,8,14,16,26,36,41,1683
3,10,12,22,36,41,18,1684
12,15,23,33,41,42,11,1685
9,13,22,37,40,42,26,1686
1,3,9,26,40,47,15,1687
1,19,25,27,31,40,12,1688
3,6,11,16,26,44,31,1689
5,15,30,35,38,47,18,1690
3,18,23,24,26,49,32,1691
8,10,15,19,36,45,37,1692
10,21,24,30,35,45,22,1693
5,9,11,15,36,45,27,1694
16,18,22,23,24,41,39,1695
3,8,18,19,41,48,36,1696
7,12,26,31,37,49,17,1697
9,21,27,31,38,49,3,1698
16,21,22,28,32,46,24,1699
9,18,31,45,48,49,22,1700
17,18,25,32,43,45,5,1701
10,14,26,38,39,47,8,1702
16,18,19,29,30,47,10,1703
1,5,8,15,16,38,7,1704
4,7,12,17,33,38,11,1705
7,20,34,37,38,47,18,1706
7,9,20,42,44,45,8,1707
17,22,30,38,44,48,36,1708
13,18,23,30,44,48,37,1709
7,13,18,21,38,44,3,1710
5,13,16,31,41,45,9,1711
3,28,29,35,41,47,48,1712
9,12,23,33,39,45,24,1713
2,3,13,20,28,38,40,1714
1,4,9,14,15,49,32,1715
6,24,35,41,46,49,9,1716
14,16,19,28,32,49,1,1717
2,10,12,20,26,34,28,1718
3,16,17,30,33,37,29,1719
3,23,27,28,37,48,8,1720
5,15,19,22,30,42,31,1721
9,22,23,37,43,46,38,1722
7,13,23,33,35,36,9,1723
4,13,31,35,37,42,49,1724
13,15,27,34,35,39,31,1725
1,2,8,44,47,48,9,1726
2,9,18,27,46,48,25,1727
8,10,11,17,28,42,40,1728
8,12,13,15,16,30,45,1729
1,4,12,25,34,37,42,1730
14,22,32,33,34,49,31,1731
10,17,28,29,43,47,4,1732
1,8,13,43,46,48,29,1733
10,12,16,29,41,45,1,1734
2,8,10,16,23,49,41,1735
6,21,26,34,36,49,23,1736
2,17,32,43,45,47,34,1737
4,7,12,18,27,44,23,1738
13,33,41,47,48,49,1,1739
17,19,21,26,33,45,12,1740
1,21,31,33,42,44,22,1741
1,2,29,33,45,47,39,1742
7,10,14,15,17,39,45,1743
16,29,36,39,43,48,42,1744
5,18,25,34,48,49,45,1745
17,19,24,36,43,49,26,1746
8,9,10,24,27,31,33,1747
1,5,8,11,35,36,26,1748
6,11,31,40,42,45,43,1749
27,32,33,40,43,44,37,1750
3,7,10,13,39,46,29,1751
1,5,25,29,33,38,19,1752
31,35,39,40,45,49,41,1753
1,6,22,25,33,48,19,1754
3,5,8,24,26,49,19,1755
8,17,28,35,36,47,41,1756
1,6,28,30,33,48,27,1757
6,13,20,23,29,46,42,1758
1,15,16,25,43,46,6,1759
1,2,16,22,27,45,13,1760
10,12,16,37,40,41,5,1761
26,29,31,43,46,49,6,1762
13,19,20,24,40,45,33,1763
4,17,22,34,44,46,13,1764
4,5,22,27,46,49,41,1765
4,10,24,29,32,49,43,1766
5,6,15,25,30,41,29,1767
3,16,25,31,33,36,14,1768
2,20,21,24,35,37,9,1769
8,10,22,23,29,35,2,1770
16,17,18,19,33,45,25,1771
1,5,11,19,31,33,6,1772
6,9,19,40,44,45,1,1773
8,12,40,42,44,47,5,1774
16,20,24,25,31,33,37,1775
4,22,30,43,45,47,15,1776
5,14,40,44,45,46,32,1777
2,23,28,35,46,48,33,1778
13,14,19,22,23,36,24,1779
1,2,6,8,38,43,24,1780
2,9,11,13,39,43,35,1781
1,2,9,20,26,48,36,1782
1,26,29,39,48,49,9,1783
7,16,29,32,37,48,21,1784
3,29,30,32,43,44,35,1785
3,4,5,8,24,29,7,1786
10,31,35,36,39,48,27,1787
1,7,8,33,42,47,31,1788
11,15,16,18,24,26,46,1789
4,5,22,23,34,40,37,1790
2,7,19,25,42,47,6,1791
1,3,15,27,39,41,20,1792
7,25,28,33,44,47,19,1793
5,17,18,28,30,39,13,1794
3,9,20,25,26,35,39,1795
2,9,19,28,30,32,35,1796
6,10,13,19,40,45,7,1797
6,11,15,30,32,44,29,1798
5,9,25,39,44,46,2,1799
5,17,19,21,28,29,43,1800
7,9,12,15,25,29,47,1801
6,14,18,20,38,41,29,1802
16,27,29,35,37,48,31,1803
5,29,36,38,44,45,23,1804
1,19,26,30,35,48,11,1805
4,22,29,37,44,49,30,1806
2,13,27,30,41,44,40,1807
2,4,10,15,31,45,17,1808
8,17,36,37,42,43,34,1809
2,6,17,21,43,48,41,1810
2,11,24,26,30,41,1,1811
20,22,25,30,31,45,2,1812
1,5,6,19,29,30,39,1813
10,14,33,34,35,39,40,1814
5,37,41,42,46,49,18,1815
8,13,17,20,43,48,38,1816
4,18,24,26,43,47,33,1817
1,10,20,28,37,44,33,1818
3,4,8,11,42,44,21,1819
15,19,31,33,41,47,37,1820
7,30,34,36,45,46,43,1821
8,20,23,37,43,46,44,1822
14,22,30,31,39,40,49,1823
14,34,35,38,43,47,40,1824
5,9,19,31,33,35,32,1825
1,3,6,12,27,43,2,1826
3,18,24,34,41,42,37,1827
7,17,18,26,41,47,39,1828
5,6,10,12,44,48,36,1829
13,30,37,40,43,46,5,1830
1,12,16,17,38,45,32,1831
4,8,10,18,33,40,2,1832
1,9,11,12,37,46,43,1833
2,13,24,26,45,49,10,1834
1,3,9,41,42,48,27,1835
2,28,31,36,40,45,24,1836
1,6,10,11,26,47,22,1837
9,18,25,27,32,39,40,1838
1,6,18,19,20,42,43,1839
4,13,22,23,39,42,26,1840
5,7,11,24,27,30,12,1841
6,8,14,29,38,48,35,1842
8,9,13,29,36,46,23,1843
8,21,26,30,33,46,45,1844
8,19,22,24,30,43,13,1845
7,19,28,35,38,48,8,1846
2,15,28,43,45,49,35,1847
15,21,24,30,37,38,34,1848
17,22,23,25,31,33,3,1849
17,21,25,30,40,42,26,1850
1,22,26,28,34,38,35,1851
6,9,18,25,29,35,46,1852
11,25,31,32,35,42,41,1853
7,10,16,21,33,46,2,1854
5,7,9,15,24,26,12,1855
18,20,23,32,37,46,39,1856
5,8,20,23,34,39,31,1857
4,14,22,42,46,47,21,1858
5,15,17,19,27,37,42,1859
12,22,26,35,36,49,32,1860
5,7,9,27,35,42,19,1861
2,13,14,30,43,48,17,1862
11,15,16,18,35,43,46,1863
2,4,25,26,27,29,41,1864
15,31,38,44,46,48,21,1865
4,12,18,23,43,46,7,1866
1,2,9,26,35,41,46,1867
7,8,24,28,32,41,10,1868
4,6,26,36,38,47,43,1869
7,9,16,23,27,44,46,1870
9,11,23,34,41,45,49,1871
2,18,22,25,41,43,14,1872
14,17,27,43,45,48,41,1873
1,4,9,37,38,41,40,1874
1,23,25,30,38,45,14,1875
4,9,11,25,27,29,22,1876
13,19,25,32,42,44,2,1877
3,13,24,26,27,29,9,1878
9,14,17,23,33,48,4,1879
13,16,17,19,39,44,42,1880
1,8,32,41,44,49,23,1881
7,15,23,24,31,38,9,1882
3,28,30,42,43,46,15,1883
2,15,19,29,43,46,23,1884
17,27,30,38,42,44,24,1885
3,4,15,29,32,39,38,1886
1,3,16,17,24,25,46,1887
5,6,19,24,33,41,3,1888
2,11,29,33,41,44,40,1889
3,6,11,13,18,37,46,1890
1,5,17,36,40,41,38,1891
8,11,16,32,35,43,41,1892
7,14,23,43,47,49,48,1893
1,18,21,24,32,41,12,1894
4,20,26,27,45,48,37,1895
1,5,15,16,28,41,44,1896
9,13,18,22,40,41,49,1897
7,12,18,35,37,45,44,1898
2,13,16,28,31,34,21,1899
4,10,21,30,39,42,22,1900
23,24,27,36,47,49,40,1901
2,9,16,22,41,49,7,1902
1,3,11,23,46,47,45,1903
18,19,20,34,37,44,10,1904
1,6,14,26,28,31,30,1905
2,12,21,25,26,37,10,1906
20,21,26,35,39,47,16,1907
8,13,25,27,38,46,12,1908
14,18,21,26,47,49,30,1909
2,9,17,28,36,42,46,1910
1,12,17,21,37,43,47,1911
16,18,26,30,40,44,13,1912
9,14,20,26,39,42,5,1913
2,3,25,27,37,47,26,1914
6,23,34,41,43,44,38,1915
13,15,16,17,23,36,29,1916
6,7,13,32,33,37,42,1917
10,15,16,21,22,30,14,1918
9,10,26,31,40,49,8,1919
8,13,14,35,36,41,5,1920
19,21,30,43,44,48,8,1921
3,15,21,24,27,40,13,1922
7,14,21,27,30,36,43,1923
2,11,30,35,37,40,13,1924
4,5,27,31,44,48,33,1925
2,7,11,19,27,44,22,1926
1,2,8,11,21,45,16,1927
5,9,14,28,34,37,35,1928
3,4,7,19,22,43,36,1929
6,9,15,31,38,39,25,1930
10,11,13,17,36,49,41,1931
5,13,14,24,26,35,39,1932
19,22,33,35,38,48,11,1933
15,26,27,34,37,42,47,1934
2,9,10,15,27,35,44,1935
7,12,36,41,42,44,29,1936
1,2,20,23,26,34,19,1937
3,8,15,20,22,23,36,1938
4,14,32,33,43,44,49,1939
8,25,34,44,45,47,24,1940
6,11,18,23,33,41,39,1941
5,9,18,22,34,36,11,1942
1,18,21,29,36,38,16,1943
2,4,13,36,41,49,16,1944
12,24,29,34,38,42,33,1945
3,18,23,32,40,45,38,1946
5,23,29,33,38,49,24,1947
2,7,11,18,35,45,25,1948
1,22,25,27,41,44,3,1949
23,24,30,42,44,46,48,1950
18,23,26,27,40,42,3,1951
16,20,36,39,47,48,35,1952
3,21,22,34,37,40,5,1953
17,18,21,26,38,49,20,1954
7,17,19,24,31,45,38,1955
1,3,18,29,30,31,26,1956
13,14,16,19,30,44,20,1957
3,4,8,15,21,24,29,1958
1,31,33,37,46,47,36,1959
2,15,21,26,42,44,45,1960
7,21,26,36,43,49,16,1961
14,17,22,45,47,49,26,1962
16,21,24,27,29,43,41,1963
3,10,11,20,34,38,4,1964
8,15,24,27,31,33,13,1965
10,15,19,29,31,44,23,1966
14,17,18,22,40,42,37,1967
2,9,11,14,15,30,22,1968
4,5,18,20,30,41,23,1969
3,28,32,36,47,49,16,1970
12,31,32,42,43,49,36,1971
12,14,18,25,44,48,45,1972
14,16,18,19,21,23,3,1973
1,5,19,28,45,49,29,1974
2,11,20,24,32,48,27,1975
10,24,27,36,37,48,29,1976
9,22,28,29,34,37,36,1977
5,8,12,22,42,49,46,1978
4,19,24,35,45,46,2,1979
4,11,18,37,39,46,27,1980
10,11,17,25,27,28,31,1981
4,11,39,42,43,48,44,1982
4,17,18,19,31,44,46,1983
5,10,13,28,29,38,34,1984
3,9,20,28,29,47,35,1985
7,11,28,30,46,47,48,1986
3,14,20,34,41,44,43,1987
3,18,26,29,40,43,13,1988
21,24,25,41,42,45,34,1989
14,20,29,32,34,43,2,1990
3,8,26,38,45,47,35,1991
5,9,15,35,40,44,10,1992
7,14,17,20,29,45,30,1993
14,15,27,41,43,49,39,1994
9,16,23,29,40,41,43,1995
11,12,24,30,33,38,31,1996
10,12,17,27,29,39,47,1997
12,18,19,21,33,37,15,1998
2,26,28,29,37,48,5,1999
5,18,21,30,43,46,26,2000
9,11,21,23,30,33,34,2001
4,7,15,21,37,43,5,2002
1,7,11,16,18,31,24,2003
3,4,10,21,28,41,15,2004
6,23,24,25,47,49,5,2005
4,16,17,30,38,42,5,2006
5,8,16,27,35,45,37,2007
20,23,25,36,43,45,38,2008
26,32,35,36,38,49,39,2009
7,15,17,28,36,39,1,2010
7,10,15,21,34,48,38,2011
2,6,7,27,31,44,28,2012
11,13,24,29,35,43,1,2013
2,12,30,31,44,48,46,2014
10,17,28,34,40,43,29,2015
5,12,18,28,34,39,24,2016
13,14,23,34,43,49,44,2017
5,10,15,16,26,30,12,2018
1,3,23,25,42,46,2,2019
1,11,13,25,32,36,30,2020
1,14,27,38,39,47,49,2021
11,20,36,37,42,49,3,2022
18,32,36,43,48,49,23,2023
17,18,19,23,25,32,26,2024
17,24,28,32,34,40,3,2025
11,21,23,30,36,47,6,2026
15,18,37,39,44,47,43,2027
2,10,19,20,36,48,37,2028
19,20,26,29,34,39,4,2029
10,17,27,37,44,45,22,2030
5,13,18,24,27,48,32,2031
14,15,20,26,35,41,36,2032
6,21,34,37,46,49,18,2033
8,22,28,40,41,45,34,2034
10,15,27,32,39,42,28,2035
10,16,22,40,45,48,31,2036
6,9,12,14,33,47,34,2037
6,11,12,40,47,49,28,2038
3,4,12,16,29,32,39,2039
9,13,32,34,35,39,1,2040
3,11,16,21,22,39,4,2041
5,8,14,17,20,46,7,2042
2,4,8,19,24,39,28,2043
19,22,29,36,43,46,30,2044
15,21,22,30,41,42,24,2045
5,21,23,24,40,44,17,2046
5,17,23,24,36,42,16,2047
16,25,27,31,34,42,6,2048
1,5,16,21,23,25,30,2049
6,8,10,22,27,29,23,2050
7,10,18,23,34,35,9,2051
2,4,18,20,30,32,10,2052
2,3,8,23,24,27,14,2053
10,12,13,21,40,42,49,2054
4,13,28,33,38,39,42,2055
1,19,23,30,35,48,45,2056
2,8,9,15,27,31,42,2057
7,18,23,39,41,43,25,2058
1,26,33,36,40,42,37,2059
5,8,19,23,33,46,48,2060
8,13,19,21,31,45,37,2061
3,14,25,29,44,45,46,2062
2,14,20,21,22,49,38,2063
5,19,25,33,38,42,41,2064
3,8,11,18,28,47,5,2065
7,11,24,28,33,46,3,2066
11,22,23,30,31,49,14,2067
7,9,14,16,26,33,27,2068
1,5,6,11,26,46,41,2069
15,38,39,40,45,48,2,2070
2,11,25,26,27,35,10,2071
13,16,18,22,34,42,14,2072
13,17,23,25,32,41,16,2073
15,19,29,32,39,40,35,2074
3,4,11,12,20,37,5,2075
6,7,10,24,29,40,16,2076
3,11,20,30,41,45,28,2077
2,14,26,34,40,46,13,2078
3,10,26,35,37,44,15,2079
10,22,26,29,45,47,41,2080
10,19,21,33,35,47,9,2081
